Name,Login Time
False,2024-07-18 20:23:11
False,2024-07-18 20:24:17
False,2024-07-18 20:24:20
"


Red Velvet              160PHP

Red Velvet              160PHP

Red Velvet              160PHP

Red Velvet              160PHP

Red Velvet              160PHP

Red Velvet              160PHP
",2024-07-18 20:29:28
"


Red Velvet              160PHP

Red Velvet              160PHP

Red Velvet              160PHP

Red Velvet              160PHP

Red Velvet              160PHP

Red Velvet              160PHP

Java                    170PHP

Java                    170PHP

Java                    170PHP

Java                    170PHP
",2024-07-18 20:29:31
